<?xml version="1.0" encoding="utf-8"?>
<setting>
    <command type="Server">
        <item name = "TCP">-s -p 5001 -i 1 -f m</item>
        <item name = "UDP">-s -p 5003 -u -i 1 -f m</item>
        <item name = "TCP-Loopback">-s -p 5201 -i 1 -f m</item>
        <item name = "UDP-Loopback">-s -p 5202 -u -i 1 -f m</item>
    </command>
    <command type="Client">
        <item name = "TCP">-c 123.101.1.3 -p 5002 -w 5M -P 3 -i 1 -f m</item>
        <item name = "UDP">-c 123.101.1.3 -p 5003 -b 50M -u -i 1 -f m</item>
        <item name = "TCP-Loopback">-c 127.0.0.1 -p 5201 -i 1 -f m</item>
        <item name = "UDP-Loopback">-c 127.0.0.1 -p 5202 -u -i 1 -f m</item>
    </command>
</setting>